{"cameraMode":{"drawMode":0,"name":"Shaded","section":"Shading Mode"},"sceneLighting":true,"audioPlay":false,"sceneViewState":{"showFog":true,"showMaterialUpdate":false,"showSkybox":true,"showFlares":true,"showImageEffects":true,"showParticleSystems":true},"in2DMode":false,"pivot":{"x":12.86878776550293,"y":-4.914660453796387,"z":-4.852513790130615},"rotation":{"x":-0.29132556915283205,"y":-0.5499477982521057,"z":0.21267850697040559,"w":-0.7533146739006043},"size":10.212843894958496,"orthographic":false}