{"cameraMode":{"drawMode":0,"name":"Shaded","section":"Shading Mode"},"sceneLighting":true,"audioPlay":false,"sceneViewState":{"showFog":true,"showMaterialUpdate":false,"showSkybox":true,"showFlares":true,"showImageEffects":true,"showParticleSystems":true},"in2DMode":false,"pivot":{"x":3.195935010910034,"y":2.812610149383545,"z":-8.867836952209473},"rotation":{"x":-0.152616485953331,"y":0.6912274360656738,"z":-0.1529829204082489,"w":-0.6895717978477478},"size":11.731096267700196,"orthographic":false}